emp_no,title,salary
10095,Senior Staff,63668
10122,Technique Leader,42284
10291,Senior Staff,57430
10410,Staff,46546
10476,Senior Staff,58221
10480,Staff,55669
10663,Technique Leader,47521
10762,Senior Staff,52172
10933,Senior Engineer,40000
11015,Senior Staff,57076
11126,Senior Staff,40000
11157,Engineer,50629
11432,Senior Engineer,40208
12155,Senior Engineer,55355
12408,Senior Engineer,40000
12643,Staff,114784
13499,Technique Leader,40000
13957,Senior Engineer,62604
14075,Engineer,40000
14104,Senior Staff,40327
14127,Senior Engineer,50454
14158,Senior Staff,67559
14476,Engineer,72512
14551,Senior Staff,83296
14907,Senior Staff,69351
15050,Senior Engineer,46188
15058,Senior Staff,62294
15376,Senior Staff,40000
15413,Senior Engineer,40000
16461,Senior Staff,83638
16528,Engineer,49557
17013,Senior Staff,55776
17206,Senior Engineer,40000
17369,Senior Engineer,40000
17447,Staff,65188
17618,Staff,40000
17731,Engineer,68972
17799,Engineer,72593
17970,Technique Leader,40000
17988,Senior Engineer,52284
18021,Senior Engineer,40000
18187,Staff,63588
18424,Senior Engineer,40000
18583,Staff,40000
18617,Senior Staff,40000
18810,Senior Engineer,40000
19236,Senior Engineer,67760
19350,Senior Staff,41182
19803,Senior Engineer,71465
20100,Senior Staff,64100
20128,Senior Staff,40000
20129,Senior Engineer,53292
20248,Staff,40000
20313,Engineer,40000
20500,Senior Staff,40000
20712,Engineer,71743
20720,Senior Staff,40000
20885,Senior Engineer,59704
21181,Engineer,60114
21188,Engineer,40000
21534,Staff,40000
21546,Senior Staff,75391
21843,Senior Engineer,52216
21909,Senior Staff,60302
22027,Staff,68981
22185,Engineer,40000
22415,Senior Staff,69277
22451,Senior Staff,40000
22455,Senior Staff,69644
22502,Senior Engineer,57324
22926,Senior Engineer,56184
23396,Technique Leader,55806
24080,Technique Leader,47203
24189,Staff,40000
24205,Senior Engineer,49424
24377,Senior Engineer,42900
24394,Staff,55035
24421,Senior Engineer,48385
24553,Senior Staff,58459
24571,Senior Engineer,40000
25488,Senior Staff,40851
26476,Staff,69850
26503,Senior Staff,82404
26617,Engineer,46589
26629,Senior Staff,50836
26671,Senior Engineer,68039
26788,Senior Engineer,40000
27150,Staff,77037
27331,Senior Staff,40000
27378,Senior Staff,48227
27620,Senior Engineer,40000
27686,Senior Staff,62592
27699,Engineer,67505
27767,Senior Staff,40000
27970,Technique Leader,40000
28193,Senior Engineer,40490
28222,Technique Leader,40000
28974,Senior Engineer,40000
28988,Technique Leader,47185
29130,Staff,67033
29265,Senior Staff,40000
29380,Assistant Engineer,48212
29418,Assistant Engineer,57496
29679,Senior Engineer,44381
29782,Senior Engineer,45222
29954,Senior Engineer,40000
30007,Senior Engineer,56378
30035,Senior Staff,45843
30154,Technique Leader,40000
30182,Senior Engineer,61572
30465,Senior Engineer,41895
30484,Staff,62692
30552,Senior Engineer,40000
30695,Senior Engineer,42052
30938,Senior Staff,43593
31147,Senior Staff,54305
31170,Senior Staff,54779
31188,Technique Leader,40000
31207,Senior Engineer,40000
31341,Senior Staff,53219
31514,Senior Engineer,62415
31568,Staff,67061
31599,Engineer,40000
31629,Engineer,73023
31909,Engineer,46224
32347,Senior Staff,66965
32552,Engineer,50710
32622,Staff,40000
32649,Senior Staff,51124
32714,Staff,82622
32844,Engineer,48091
33025,Senior Staff,40000
33215,Technique Leader,48797
33293,Engineer,40000
33606,Staff,61733
33722,Senior Engineer,40000
34077,Senior Staff,50005
34261,Senior Staff,40000
34446,Senior Engineer,40000
34452,Senior Engineer,50679
34505,Senior Staff,87384
34533,Senior Engineer,40829
34780,Staff,64125
34788,Senior Engineer,58068
34936,Technique Leader,65899
35044,Senior Engineer,52310
35087,Senior Staff,40000
35441,Senior Engineer,48152
35642,Senior Engineer,40000
35793,Senior Staff,56473
35798,Senior Engineer,41160
36521,Senior Staff,57111
36626,Senior Staff,48437
36733,Staff,40000
36844,Staff,57007
36982,Senior Engineer,40000
37070,Senior Staff,43215
37592,Engineer,69900
37719,Engineer,51093
37945,Senior Engineer,40000
38017,Staff,40977
38043,Senior Engineer,49927
38103,Senior Engineer,48383
38168,Senior Staff,40000
38550,Senior Engineer,40000
38593,Senior Engineer,60124
38947,Senior Staff,40000
39000,Senior Staff,48649
39036,Staff,40000
39268,Engineer,52535
39301,Senior Staff,40000
39341,Senior Engineer,50645
39952,Staff,80468
40269,Senior Staff,70370
40283,Senior Engineer,40000
40301,Senior Engineer,40000
40536,Senior Engineer,49948
40648,Staff,91874
40765,Senior Staff,51758
40773,Senior Staff,40000
40785,Engineer,49404
40983,Technique Leader,40000
41114,Technique Leader,60729
41137,Senior Staff,71921
41357,Engineer,59086
41518,Senior Engineer,47399
41520,Senior Engineer,44818
41552,Senior Engineer,46811
41609,Senior Staff,60396
42778,Senior Staff,40000
42911,Senior Engineer,40181
42950,Senior Staff,40000
42955,Engineer,40000
43154,Senior Staff,69813
43358,Staff,63651
43733,Senior Staff,40000
43848,Engineer,40000
44054,Engineer,40000
44265,Engineer,52444
44540,Senior Engineer,40000
44900,Senior Staff,47805
44959,Senior Engineer,60432
44962,Assistant Engineer,40000
45162,Senior Engineer,58610
45590,Technique Leader,42484
46000,Senior Staff,40000
46015,Staff,66067
46222,Staff,64880
46328,Senior Staff,76950
46531,Assistant Engineer,59370
46811,Senior Engineer,52228
46834,Senior Staff,82569
46943,Senior Engineer,46091
47016,Senior Staff,58961
47139,Engineer,67283
47262,Senior Engineer,40000
47515,Senior Engineer,50098
47702,Senior Staff,84625
47708,Senior Staff,76137
48275,Senior Staff,67799
48690,Staff,47581
48882,Senior Engineer,40000
48904,Senior Staff,58807
48947,Senior Staff,57836
49010,Senior Staff,63422
49017,Senior Engineer,46622
49119,Senior Engineer,55051
49177,Engineer,44995
49464,Staff,73678
49477,Senior Staff,40000
50293,Engineer,40000
50311,Senior Engineer,40000
50360,Engineer,41121
50453,Staff,79402
50587,Technique Leader,70767
50670,Senior Staff,64895
50831,Senior Engineer,52845
51036,Staff,55121
51057,Senior Staff,58337
51060,Senior Engineer,42308
51118,Staff,56519
51142,Senior Engineer,46516
51502,Senior Staff,72237
51868,Assistant Engineer,55988
52038,Senior Engineer,52102
52040,Senior Staff,40000
52283,Senior Staff,44232
52386,Senior Staff,65342
52590,Senior Staff,45171
52599,Senior Engineer,48897
52639,Senior Staff,69976
52770,Senior Staff,65588
52778,Technique Leader,46041
52956,Senior Engineer,40000
52970,Senior Engineer,47552
53088,Senior Engineer,40000
53278,Senior Staff,67503
53314,Staff,40000
53431,Senior Staff,60379
53499,Senior Engineer,40000
53597,Senior Engineer,41626
53746,Staff,63132
53874,Senior Staff,51955
53891,Staff,50046
53924,Senior Engineer,40000
54198,Senior Engineer,40000
54632,Senior Staff,43788
54795,Senior Staff,40000
54800,Staff,74827
55121,Engineer,55774
55640,Senior Engineer,40000
55670,Senior Staff,63760
55687,Senior Engineer,40000
55799,Senior Engineer,61980
55857,Senior Staff,70416
56105,Senior Engineer,40000
56209,Senior Engineer,54373
56415,Senior Staff,51148
56428,Senior Staff,43255
56682,Assistant Engineer,40000
56829,Engineer,40000
56847,Senior Engineer,44031
57934,Senior Engineer,82396
57982,Senior Staff,55662
58141,Staff,46317
58147,Senior Staff,55703
58217,Engineer,43222
58384,Senior Engineer,40000
58454,Engineer,44411
58497,Senior Staff,90613
58601,Staff,67956
58819,Senior Staff,71147
58990,Engineer,47785
59195,Technique Leader,50132
59329,Staff,40000
59640,Staff,45566
59661,Staff,49077
59869,Senior Staff,56247
59966,Technique Leader,40000
60000,Engineer,60002
60091,Senior Staff,46436
60238,Staff,73612
60559,Senior Engineer,41261
60821,Senior Staff,44481
60845,Engineer,71431
60875,Senior Engineer,41164
60959,Senior Staff,62352
61147,Staff,64737
61253,Senior Engineer,40000
61377,Senior Staff,40000
61541,Senior Engineer,49649
61680,Staff,53505
61873,Engineer,40000
61983,Staff,66992
62033,Senior Engineer,69343
62046,Senior Engineer,54073
62167,Senior Engineer,40000
62245,Engineer,40000
62384,Senior Staff,40000
63294,Senior Engineer,40000
63419,Senior Engineer,40000
63441,Staff,40000
63444,Senior Staff,65631
63566,Senior Staff,40000
63631,Senior Engineer,40000
63706,Engineer,46185
64023,Senior Engineer,45861
64209,Senior Staff,40000
64431,Technique Leader,42352
64487,Senior Engineer,42874
64532,Senior Engineer,76024
64632,Senior Staff,74384
64790,Senior Engineer,59783
64828,Staff,61091
64984,Senior Engineer,40000
65013,Senior Engineer,54474
65171,Technique Leader,71349
65539,Senior Engineer,60784
65883,Senior Staff,93721
65998,Senior Staff,85937
66382,Engineer,55428
66530,Staff,40000
66643,Engineer,41133
66702,Senior Engineer,52161
66757,Staff,46812
66807,Senior Engineer,50982
67320,Senior Staff,89952
67548,Staff,40000
67934,Senior Engineer,54347
68022,Staff,40000
68168,Senior Staff,46332
68263,Staff,66081
68416,Senior Engineer,54132
68608,Senior Engineer,47652
68633,Senior Engineer,60777
68648,Technique Leader,55150
69052,Senior Staff,42091
69219,Senior Staff,75769
69867,Senior Staff,82080
69878,Engineer,46063
69936,Assistant Engineer,50124
70469,Senior Staff,49746
70780,Assistant Engineer,40000
70990,Senior Engineer,56701
71066,Senior Staff,78430
71141,Senior Staff,40000
71188,Senior Staff,64557
71243,Senior Engineer,51345
71334,Senior Engineer,40000
71685,Senior Engineer,40000
71710,Assistant Engineer,43204
71745,Engineer,40000
72190,Engineer,43105
72194,Senior Engineer,70267
72232,Senior Engineer,61027
72640,Senior Engineer,40000
72918,Senior Staff,73810
73076,Senior Engineer,44141
73233,Senior Engineer,43651
73516,Senior Engineer,40000
73743,Engineer,40000
73794,Engineer,41110
73903,Engineer,40000
74200,Senior Engineer,40000
74237,Engineer,48639
74344,Engineer,40000
74598,Senior Staff,57664
74668,Senior Staff,56031
74800,Senior Engineer,40000
75113,Senior Engineer,40000
75354,Senior Engineer,40000
75420,Engineer,41464
75703,Senior Engineer,40000
75760,Technique Leader,44458
75888,Staff,46178
76178,Senior Engineer,62261
76189,Senior Engineer,47490
76201,Senior Engineer,45799
76417,Senior Engineer,40000
76598,Engineer,69066
76640,Senior Engineer,40000
76847,Senior Engineer,40000
77030,Technique Leader,47503
77157,Staff,40000
77303,Senior Staff,48808
77647,Technique Leader,42981
77815,Engineer,46164
78086,Staff,49364
78106,Senior Staff,73059
78171,Senior Staff,41496
78363,Engineer,40030
78469,Staff,40000
78871,Senior Engineer,63067
79043,Technique Leader,62200
79171,Senior Engineer,44193
79190,Staff,72794
79239,Senior Engineer,40000
79310,Senior Staff,43707
79606,Senior Engineer,50381
79640,Staff,48730
79722,Staff,64573
79763,Senior Staff,80428
79895,Senior Staff,51534
80067,Senior Staff,40000
80203,Staff,41466
80432,Senior Staff,56584
80656,Engineer,40000
80731,Senior Staff,54475
80745,Staff,57469
80850,Senior Engineer,55815
80889,Senior Engineer,60339
80948,Senior Engineer,40000
81105,Senior Engineer,51686
81162,Senior Engineer,40000
81545,Technique Leader,40000
81619,Senior Engineer,52936
81644,Staff,96620
81995,Senior Engineer,41280
82069,Senior Engineer,40000
82098,Senior Engineer,65236
82351,Senior Staff,40000
82511,Engineer,40000
82919,Engineer,40000
82928,Senior Engineer,60112
83280,Senior Engineer,53451
83289,Senior Engineer,40000
83509,Senior Engineer,40000
83544,Senior Staff,64345
83714,Senior Engineer,43736
83805,Senior Engineer,81354
83922,Senior Engineer,43228
83941,Senior Staff,40000
84029,Staff,40000
84163,Senior Staff,55022
84179,Senior Engineer,40000
84236,Senior Staff,79481
84256,Staff,46835
84315,Assistant Engineer,40000
84451,Senior Engineer,52930
84494,Staff,46378
84508,Engineer,40000
84840,Staff,40000
84922,Engineer,40000
84942,Technique Leader,40000
85216,Senior Staff,50873
85288,Senior Engineer,59922
85414,Staff,46065
85445,Staff,64616
85702,Engineer,46279
85874,Senior Staff,45034
86213,Senior Staff,58095
86324,Senior Engineer,40000
86354,Senior Engineer,66984
86422,Senior Staff,40000
86546,Senior Engineer,40000
86655,Engineer,42987
86672,Staff,40000
87129,Staff,63824
87353,Senior Engineer,54168
87458,Senior Staff,40000
87714,Engineer,40000
87729,Senior Staff,40000
87783,Senior Engineer,61557
88103,Senior Staff,81862
88357,Staff,40000
88411,Engineer,40000
88422,Technique Leader,67886
88647,Engineer,47900
88958,Senior Staff,68392
88965,Engineer,45594
89048,Senior Engineer,60750
89090,Senior Staff,47091
89161,Senior Staff,40000
89207,Senior Staff,40000
89346,Engineer,45781
89487,Engineer,40000
89590,Senior Staff,67868
89664,Staff,59064
89680,Senior Engineer,40000
89806,Senior Engineer,40000
89922,Senior Engineer,62911
89941,Senior Staff,55028
90077,Engineer,45948
90084,Senior Engineer,45685
90116,Assistant Engineer,69213
90211,Engineer,40000
90292,Senior Engineer,40491
90366,Senior Staff,40000
90518,Senior Staff,42375
90614,Engineer,44589
90692,Senior Staff,40000
91172,Senior Staff,40000
91182,Senior Engineer,44702
91229,Senior Engineer,40000
91256,Staff,81518
91308,Senior Engineer,51770
91333,Staff,54313
91415,Senior Staff,50426
91462,Engineer,40000
91648,Senior Staff,84094
91934,Engineer,46503
91973,Senior Engineer,50475
92438,Senior Engineer,54543
92443,Senior Staff,40000
92454,Senior Engineer,40000
92577,Assistant Engineer,40000
92598,Assistant Engineer,56144
92685,Senior Staff,55634
92841,Senior Staff,78441
92846,Senior Staff,44033
92920,Senior Engineer,40000
93040,Senior Engineer,56125
93220,Senior Engineer,47553
93278,Senior Engineer,49314
93549,Senior Staff,81468
93600,Technique Leader,40000
93794,Senior Engineer,40245
94045,Senior Engineer,49858
94131,Staff,45782
94331,Technique Leader,40000
94416,Senior Staff,61048
94442,Staff,69280
94690,Staff,62057
94761,Senior Engineer,48772
94787,Staff,41967
94944,Senior Engineer,57985
95181,Staff,66810
95286,Senior Engineer,40000
95314,Senior Staff,69833
95406,Engineer,40000
95416,Engineer,51499
95509,Engineer,40000
95692,Engineer,40000
95920,Senior Staff,61744
96100,Senior Engineer,49351
96571,Senior Engineer,47390
96579,Engineer,50866
96767,Senior Engineer,68591
97018,Senior Engineer,44400
97092,Senior Engineer,63199
97623,Senior Staff,45153
97661,Senior Staff,46725
97697,Senior Engineer,40000
98288,Senior Staff,43445
98306,Senior Engineer,58503
98514,Staff,79331
98639,Staff,40000
99057,Staff,40000
99373,Senior Staff,40000
99377,Senior Engineer,51127
99590,Staff,86023
99654,Senior Staff,58667
100865,Senior Engineer,84451
100877,Engineer,47459
100916,Senior Engineer,58123
101063,Senior Engineer,56046
101487,Senior Staff,60348
101647,Senior Staff,69247
101902,Senior Staff,58037
102620,Engineer,45060
103166,Senior Engineer,40000
103172,Senior Engineer,40000
103196,Senior Staff,40000
103310,Senior Staff,66244
103316,Senior Engineer,45189
103342,Engineer,40000
103756,Engineer,40000
104133,Senior Staff,92751
104845,Senior Staff,54489
104962,Engineer,81539
104988,Senior Engineer,71970
105191,Engineer,62196
105342,Technique Leader,61529
105356,Senior Engineer,43737
105432,Senior Engineer,55985
105520,Senior Staff,71995
105589,Engineer,41784
105731,Engineer,48369
105936,Staff,53234
106096,Senior Engineer,40000
106242,Senior Staff,40000
106514,Senior Engineer,52638
106695,Senior Staff,52364
106710,Senior Staff,60537
106958,Senior Engineer,62767
107486,Senior Engineer,40000
107737,Senior Engineer,70367
107792,Senior Staff,80432
107828,Senior Staff,78757
108091,Senior Staff,56381
108198,Senior Staff,42904
108316,Senior Engineer,40000
108988,Senior Staff,60335
109062,Senior Engineer,45396
109211,Senior Engineer,40000
109252,Technique Leader,40000
109278,Senior Staff,57911
109547,Senior Staff,40000
109552,Engineer,49886
109553,Staff,69019
109598,Senior Staff,59483
109611,Staff,97721
109620,Senior Staff,68293
109652,Senior Staff,60319
109703,Engineer,46705
109741,Senior Engineer,40000
109953,Senior Staff,56632
200052,Senior Engineer,40000
200176,Senior Staff,90882
200267,Senior Staff,40000
200312,Senior Engineer,40000
200363,Senior Engineer,54013
200735,Senior Staff,65769
200789,Senior Staff,65044
201180,Assistant Engineer,64988
201229,Staff,49086
201708,Senior Staff,40000
201709,Senior Staff,78121
201739,Assistant Engineer,57310
201801,Senior Engineer,50795
201915,Senior Engineer,62133
202031,Engineer,46606
202291,Engineer,63773
202403,Engineer,40000
202414,Senior Staff,50945
202552,Senior Engineer,40000
202581,Staff,66361
202826,Senior Engineer,40000
202882,Senior Engineer,40000
202950,Senior Staff,40000
203474,Senior Staff,71401
203495,Technique Leader,40000
203599,Technique Leader,41382
203697,Engineer,40429
203720,Senior Staff,72078
203946,Senior Staff,56594
204117,Staff,80942
204133,Senior Staff,56752
204246,Senior Staff,40000
204425,Senior Engineer,40000
204470,Senior Staff,55499
204471,Senior Engineer,40000
204764,Senior Engineer,47854
205018,Engineer,55086
205085,Technique Leader,43219
205174,Staff,55525
205362,Staff,74150
205500,Senior Engineer,40000
205627,Senior Engineer,40000
205660,Staff,40000
205699,Senior Staff,55096
205789,Senior Staff,49886
205863,Senior Engineer,48877
206372,Engineer,64246
206748,Staff,62756
206836,Senior Staff,48691
206865,Senior Engineer,48138
206966,Senior Engineer,61861
207021,Engineer,46523
207068,Senior Staff,63190
207204,Engineer,40000
207401,Senior Staff,47070
207551,Assistant Engineer,40000
207779,Senior Staff,48113
207980,Senior Staff,40000
208147,Senior Engineer,57788
208330,Senior Staff,80127
208639,Senior Staff,64461
208653,Senior Engineer,54926
208784,Senior Engineer,40000
209101,Senior Engineer,50790
209443,Senior Staff,54723
209456,Engineer,53137
209565,Senior Staff,40000
209681,Senior Staff,40000
209712,Engineer,65975
209945,Engineer,82313
210017,Senior Staff,40000
210292,Staff,42520
210449,Engineer,47376
210529,Senior Staff,96947
210610,Engineer,57580
210752,Senior Staff,47970
210786,Staff,52846
211569,Senior Staff,40000
211858,Senior Engineer,43498
211879,Senior Engineer,40000
211967,Senior Engineer,40704
212074,Engineer,40000
212093,Senior Staff,40000
212131,Staff,71331
212154,Senior Staff,41645
212361,Senior Engineer,40000
212703,Engineer,61566
212810,Senior Staff,56986
213016,Senior Engineer,40596
213140,Staff,72365
213384,Senior Engineer,41608
213447,Senior Engineer,57808
214184,Engineer,47630
214215,Senior Staff,90603
214391,Senior Staff,46462
214427,Engineer,62160
214539,Engineer,64488
214634,Senior Engineer,48826
214789,Senior Engineer,40000
214807,Engineer,60446
214866,Senior Engineer,40000
214995,Engineer,40000
215419,Staff,40000
215629,Senior Staff,40000
215746,Staff,79967
215843,Senior Staff,47164
216054,Senior Staff,40000
216062,Senior Engineer,40000
216246,Staff,43647
216342,Senior Engineer,40000
216375,Senior Engineer,59674
216502,Engineer,63256
216573,Senior Engineer,41448
216921,Senior Staff,51601
217026,Senior Staff,51335
217080,Senior Engineer,40000
217272,Senior Staff,56909
217286,Technique Leader,40000
217320,Engineer,40000
217363,Staff,74333
217387,Senior Engineer,40000
217551,Senior Engineer,41730
217800,Senior Staff,52924
218022,Technique Leader,46593
218100,Senior Staff,40000
218299,Senior Staff,56167
218829,Staff,72760
218831,Engineer,99378
219035,Technique Leader,40000
219047,Senior Engineer,40000
219052,Staff,62703
219417,Staff,47152
219497,Technique Leader,40929
219967,Senior Staff,47439
220029,Senior Engineer,43792
220131,Senior Engineer,48012
220418,Staff,73906
220528,Senior Staff,42934
220582,Senior Staff,54228
220611,Senior Staff,40000
220625,Technique Leader,40000
220699,Staff,40000
220799,Senior Engineer,51087
221126,Senior Engineer,40000
221367,Senior Staff,42249
221369,Engineer,52230
221435,Senior Engineer,68650
221699,Engineer,61271
221973,Senior Staff,59010
222206,Senior Staff,40000
222311,Senior Engineer,53877
222319,Senior Engineer,40000
222354,Engineer,40000
222616,Assistant Engineer,40000
222701,Senior Staff,77941
222770,Senior Engineer,49344
222878,Senior Engineer,42172
222926,Senior Engineer,40000
222952,Senior Engineer,51100
222998,Senior Staff,51391
223593,Staff,56912
223595,Technique Leader,44999
224135,Engineer,43178
224335,Senior Engineer,54702
224390,Senior Staff,40000
224934,Senior Staff,40000
225438,Senior Staff,78303
225601,Engineer,40000
225788,Engineer,40000
225867,Senior Engineer,40000
225964,Senior Engineer,52478
226216,Technique Leader,40000
226227,Senior Engineer,55409
227354,Senior Engineer,49256
227476,Senior Engineer,73795
227681,Staff,45519
227899,Staff,61605
227901,Senior Staff,40000
228098,Engineer,40000
228248,Senior Staff,54431
228554,Senior Staff,71741
228575,Engineer,40000
228766,Senior Engineer,86747
229098,Senior Staff,41874
229207,Senior Engineer,40000
229220,Senior Engineer,40000
229248,Staff,40000
229352,Engineer,60798
229364,Staff,65238
229386,Technique Leader,60980
229391,Senior Engineer,50035
229404,Staff,55086
229547,Senior Staff,61762
229690,Senior Staff,60001
229727,Engineer,43638
229981,Senior Engineer,56315
230002,Senior Engineer,84438
230126,Senior Staff,40000
230287,Assistant Engineer,40000
230354,Senior Staff,40000
230498,Senior Engineer,40000
230579,Senior Staff,60150
230689,Senior Staff,45823
230821,Staff,74116
230865,Staff,61136
231043,Assistant Engineer,52368
231069,Staff,88709
231459,Assistant Engineer,55246
231671,Staff,40000
231798,Senior Engineer,46062
232178,Senior Staff,40000
232209,Senior Engineer,46339
232458,Staff,69324
232496,Staff,52917
232697,Senior Engineer,40000
232723,Engineer,40000
233114,Senior Engineer,78365
233247,Senior Engineer,40000
233394,Engineer,40000
233397,Senior Staff,63272
233426,Senior Engineer,40990
233533,Senior Staff,40000
233690,Engineer,47246
233759,Engineer,40000
233765,Senior Engineer,47195
233785,Senior Staff,88012
233818,Senior Engineer,40000
234195,Senior Staff,50836
234278,Staff,47879
234739,Senior Engineer,40000
235017,Senior Staff,66452
235096,Senior Staff,75886
235269,Staff,40000
235325,Senior Engineer,40000
235368,Senior Engineer,40000
235458,Senior Staff,46139
235546,Staff,77656
235729,Senior Staff,52272
235780,Senior Engineer,40000
235793,Senior Engineer,61027
236315,Technique Leader,40000
236559,Senior Engineer,40247
236566,Senior Staff,40000
236591,Senior Staff,63990
236827,Senior Engineer,40000
236883,Staff,72410
236964,Staff,85659
237289,Staff,83375
237400,Technique Leader,49391
237590,Staff,40000
238112,Technique Leader,40000
238252,Staff,48008
238422,Senior Staff,40000
238949,Senior Staff,55007
239067,Staff,90988
239244,Senior Staff,58738
239415,Senior Engineer,48404
239426,Engineer,40000
239581,Staff,86683
239664,Senior Engineer,40000
239706,Assistant Engineer,58498
239748,Senior Staff,69092
239803,Senior Staff,40000
240011,Technique Leader,51685
240132,Senior Staff,56439
240236,Senior Engineer,40000
240253,Engineer,40000
240285,Staff,45885
240340,Senior Engineer,40000
240438,Senior Staff,62140
240870,Senior Staff,40000
241100,Senior Engineer,40000
241254,Senior Engineer,40000
241292,Senior Staff,42997
241567,Senior Engineer,40000
241667,Senior Engineer,56580
241728,Senior Engineer,52540
241872,Senior Staff,40000
241917,Staff,56900
241952,Staff,61869
242019,Senior Engineer,50527
242081,Engineer,50182
242104,Senior Staff,57772
242237,Senior Staff,80038
242314,Engineer,45492
242500,Senior Staff,76979
242611,Engineer,70053
242800,Engineer,46401
242867,Engineer,40133
243018,Senior Staff,62716
243077,Senior Engineer,54935
243576,Senior Staff,60593
243637,Senior Staff,60619
243898,Staff,58876
244308,Senior Staff,51276
244605,Senior Staff,40000
244624,Senior Staff,40000
244711,Engineer,56130
244714,Senior Engineer,50839
244820,Senior Engineer,54013
244873,Senior Staff,82148
245164,Senior Engineer,57847
245396,Senior Staff,40000
245664,Staff,68558
246146,Senior Engineer,57332
246244,Staff,53305
246364,Engineer,72695
246764,Staff,71627
246798,Senior Staff,96152
246902,Staff,40000
247089,Senior Staff,66089
247122,Senior Staff,40000
247447,Senior Engineer,45800
247456,Engineer,61394
247612,Engineer,40000
247875,Senior Staff,77461
247888,Senior Engineer,40000
248094,Staff,67350
248256,Staff,68786
248351,Senior Staff,55386
248758,Senior Staff,79398
248953,Assistant Engineer,47201
249239,Senior Engineer,40000
249325,Staff,82809
249433,Senior Engineer,50915
249451,Engineer,80722
249504,Senior Engineer,40000
249780,Senior Engineer,56733
249799,Senior Engineer,41338
249866,Senior Staff,49410
249969,Senior Engineer,73578
250411,Senior Staff,54722
250452,Senior Engineer,55615
250748,Senior Engineer,40000
251166,Senior Staff,74699
251233,Senior Engineer,47919
251301,Senior Staff,51640
251341,Senior Staff,40000
251403,Technique Leader,40000
251437,Engineer,40000
251645,Senior Staff,54614
251680,Senior Engineer,54883
251814,Technique Leader,42555
252185,Engineer,44552
252241,Senior Staff,40000
252316,Senior Engineer,46232
252318,Technique Leader,40000
252392,Senior Engineer,40000
252592,Senior Engineer,51711
253029,Engineer,40000
253707,Staff,57777
253838,Assistant Engineer,40000
253893,Senior Engineer,44376
254044,Senior Engineer,40000
254399,Technique Leader,58503
254591,Staff,75535
254787,Senior Engineer,45164
254821,Staff,58821
254916,Senior Staff,44158
255466,Senior Engineer,53964
255657,Senior Engineer,40000
255779,Technique Leader,40000
256078,Staff,78310
256216,Engineer,40000
256837,Staff,40000
256856,Senior Staff,40000
256881,Senior Engineer,45924
256888,Staff,50006
257062,Senior Engineer,53285
257378,Senior Staff,45349
257469,Senior Staff,53367
257484,Senior Staff,40000
257624,Senior Staff,40000
257799,Senior Engineer,40000
258028,Engineer,55108
258124,Senior Staff,84665
258363,Staff,40000
258376,Engineer,54809
258470,Staff,98002
258643,Senior Engineer,47581
259042,Staff,67056
259237,Senior Staff,40000
259273,Senior Engineer,52325
259611,Senior Staff,57203
259619,Senior Staff,41263
259718,Senior Staff,57915
260083,Staff,40000
260153,Technique Leader,71781
260249,Staff,49234
260361,Engineer,40000
260399,Senior Staff,63485
260408,Senior Staff,40000
260501,Technique Leader,59070
260545,Senior Engineer,50079
261184,Senior Engineer,51696
261631,Engineer,48817
261662,Senior Staff,64577
261737,Senior Engineer,40000
261986,Senior Engineer,50346
261990,Senior Staff,55592
262154,Senior Engineer,40000
262208,Senior Staff,82779
262210,Senior Engineer,50052
262328,Staff,63741
262439,Senior Staff,78223
262440,Assistant Engineer,45056
262548,Engineer,40030
262636,Senior Engineer,62056
262741,Senior Staff,48364
262752,Engineer,63602
262861,Senior Staff,82077
262928,Senior Engineer,40000
263012,Staff,40755
263186,Technique Leader,40000
263325,Staff,65564
263370,Staff,76883
263439,Senior Engineer,40000
263645,Senior Engineer,62104
263649,Senior Staff,67578
263721,Engineer,57417
263926,Senior Staff,43694
264001,Senior Engineer,49620
264030,Engineer,40000
264167,Senior Engineer,59581
264322,Senior Staff,58053
264626,Senior Staff,40000
264715,Staff,87151
264939,Senior Engineer,40000
265039,Senior Staff,71928
265521,Senior Engineer,52088
265558,Senior Staff,79792
265794,Senior Staff,83098
265875,Senior Engineer,44708
266206,Senior Staff,63169
266249,Senior Staff,65301
266310,Senior Staff,40000
266644,Senior Staff,40000
266689,Senior Engineer,41983
266862,Senior Staff,40000
266881,Senior Staff,40000
266981,Engineer,46155
267059,Senior Staff,51878
267227,Senior Engineer,40000
267304,Senior Staff,61938
267504,Staff,77438
267667,Senior Staff,75381
267745,Senior Engineer,62350
268043,Engineer,40000
268191,Senior Engineer,53601
268890,Engineer,72147
269186,Technique Leader,70562
269568,Staff,47093
269728,Senior Staff,71296
270084,Senior Staff,40000
270716,Staff,104010
270792,Engineer,40000
270794,Senior Staff,73566
270821,Staff,61289
271106,Engineer,57783
271118,Senior Engineer,40000
271219,Engineer,40000
271975,Engineer,62250
272141,Senior Staff,40000
272285,Senior Staff,40000
272316,Engineer,46031
272452,Engineer,60967
272599,Senior Staff,42096
272860,Assistant Engineer,40000
273159,Technique Leader,40000
273274,Engineer,58610
273286,Senior Engineer,43159
273396,Engineer,60301
273806,Senior Staff,81637
273858,Senior Staff,66820
274071,Staff,40000
274271,Senior Staff,55623
274369,Senior Staff,44399
274813,Senior Staff,66431
275158,Engineer,93286
275263,Senior Engineer,64702
275444,Senior Engineer,55338
275495,Staff,41626
275801,Senior Staff,70395
275881,Senior Engineer,40000
275994,Senior Engineer,40000
276027,Senior Staff,40000
276184,Senior Staff,77922
276186,Senior Staff,40000
276189,Senior Staff,47945
276445,Senior Engineer,63137
276472,Senior Engineer,49162
276563,Senior Staff,40000
276868,Staff,61613
276922,Engineer,55626
277316,Senior Staff,86493
277362,Senior Staff,40000
277420,Senior Engineer,40000
277777,Senior Engineer,40000
277829,Senior Engineer,40000
277926,Senior Staff,81094
278239,Staff,40000
278386,Technique Leader,42957
278452,Senior Staff,40000
278484,Staff,40000
278536,Senior Staff,70597
278549,Senior Staff,89009
278883,Engineer,42971
278953,Senior Engineer,40000
279115,Engineer,55885
279280,Senior Engineer,40000
279384,Senior Staff,40000
279791,Engineer,40000
280029,Staff,60018
280070,Senior Staff,43684
280291,Staff,41617
280411,Technique Leader,79083
280420,Senior Staff,80385
280525,Staff,100167
280648,Senior Engineer,61217
280836,Senior Engineer,59611
281180,Staff,41593
281570,Assistant Engineer,50023
281692,Senior Engineer,45215
281834,Assistant Engineer,46522
281848,Senior Engineer,40000
281859,Senior Engineer,56239
282000,Senior Engineer,58482
282191,Engineer,41448
282333,Senior Staff,40000
282343,Senior Staff,77230
282547,Engineer,40754
282585,Staff,43246
282699,Engineer,50975
282862,Staff,67073
282894,Senior Engineer,53242
283041,Senior Engineer,40000
283138,Senior Staff,40000
283168,Assistant Engineer,61811
284045,Engineer,57634
284300,Senior Staff,90644
284431,Senior Staff,65037
284561,Senior Engineer,50960
284687,Senior Engineer,40000
284691,Senior Engineer,40000
284711,Senior Engineer,57721
284717,Senior Engineer,40000
284856,Senior Engineer,40000
284954,Engineer,40000
285149,Senior Engineer,43781
285164,Staff,91283
285318,Senior Engineer,43328
285396,Senior Engineer,66793
285905,Senior Staff,51667
285906,Engineer,49297
286026,Senior Staff,65537
286029,Staff,41827
286370,Senior Staff,45618
286452,Engineer,43036
286573,Senior Engineer,40000
286779,Engineer,54400
286986,Senior Engineer,55706
287323,Staff,73295
287327,Senior Staff,58866
287334,Engineer,47441
287436,Technique Leader,40301
287482,Senior Engineer,63479
287583,Senior Engineer,47726
287609,Senior Engineer,48605
287713,Senior Staff,46369
287808,Technique Leader,51801
287822,Engineer,55732
287983,Senior Staff,83519
287984,Senior Engineer,45001
288028,Senior Engineer,50537
288134,Staff,40000
288142,Senior Staff,67640
288166,Staff,66034
288560,Senior Staff,64818
288563,Senior Engineer,40000
288606,Senior Staff,93892
288665,Senior Engineer,48607
288848,Staff,66178
288893,Senior Engineer,40000
289122,Staff,40000
289454,Senior Engineer,52363
289687,Senior Staff,45390
289807,Senior Staff,40000
289909,Senior Staff,73997
290009,Senior Staff,40000
290010,Staff,105995
290075,Senior Staff,49861
290284,Engineer,52459
290441,Senior Staff,91982
290467,Senior Staff,47812
290478,Engineer,54683
290563,Senior Engineer,40000
290769,Senior Engineer,44580
291349,Staff,41067
291352,Technique Leader,55697
291368,Staff,81878
291612,Engineer,40000
291669,Engineer,59691
291755,Assistant Engineer,40649
291819,Senior Staff,40000
292110,Senior Engineer,53348
292146,Engineer,40000
292210,Senior Engineer,57954
292374,Staff,45955
292404,Senior Staff,44910
292504,Senior Engineer,40000
292515,Engineer,40000
292828,Senior Engineer,40000
292901,Senior Engineer,61596
293080,Senior Staff,59821
293154,Senior Staff,47147
293280,Senior Engineer,40000
293329,Senior Engineer,60254
293746,Senior Engineer,40000
293752,Senior Staff,60081
294144,Senior Staff,74140
294241,Senior Staff,74077
294446,Staff,57740
294461,Senior Engineer,44245
294527,Senior Staff,62362
294652,Senior Engineer,40000
294791,Assistant Engineer,62854
294857,Senior Engineer,76899
294996,Senior Staff,85555
295030,Senior Staff,40000
295236,Senior Engineer,40000
295254,Senior Staff,40000
295255,Technique Leader,42789
295262,Assistant Engineer,40000
295268,Senior Staff,62556
295278,Senior Engineer,51829
295411,Staff,53572
295476,Engineer,54776
295857,Senior Staff,44461
296062,Staff,55272
296303,Technique Leader,55209
296428,Senior Staff,62557
296610,Senior Engineer,40000
296621,Technique Leader,40000
296664,Senior Engineer,40000
296687,Senior Staff,40000
296718,Senior Engineer,40000
296962,Technique Leader,40000
297008,Staff,71265
297232,Senior Staff,56647
297243,Senior Staff,40000
297431,Senior Staff,58600
297474,Staff,44241
297804,Engineer,57501
297905,Assistant Engineer,40000
297954,Assistant Engineer,40000
298339,Senior Engineer,40000
298479,Staff,94749
298577,Senior Staff,75632
298953,Staff,56226
299346,Senior Staff,40000
299580,Engineer,49708
299718,Senior Staff,40000
299737,Senior Staff,75091
400046,Senior Staff,40000
400344,Engineer,47625
400358,Senior Engineer,65485
400683,Staff,65023
400780,Engineer,40000
400796,Engineer,40000
401154,Senior Staff,40000
401278,Engineer,62122
401333,Senior Engineer,40000
401364,Senior Staff,82014
401420,Senior Staff,40000
401574,Technique Leader,52475
402025,Senior Engineer,50425
402102,Engineer,40000
402223,Staff,73729
402664,Senior Engineer,43122
402718,Senior Engineer,58377
402827,Senior Staff,53483
403010,Senior Engineer,59167
403237,Senior Engineer,44003
403455,Senior Engineer,40063
403621,Senior Staff,52532
403644,Senior Staff,40000
403954,Senior Engineer,40000
404018,Senior Engineer,55622
404236,Senior Engineer,43423
404462,Senior Engineer,40194
404573,Staff,40000
404755,Senior Staff,55120
404788,Engineer,50754
404879,Engineer,40000
405015,Senior Staff,72535
405063,Senior Engineer,67423
405372,Senior Staff,40000
406125,Technique Leader,40000
406239,Senior Engineer,40000
406249,Senior Engineer,59211
406299,Engineer,57332
406537,Senior Engineer,40000
406564,Engineer,42716
406714,Senior Staff,40000
406847,Staff,65556
407522,Staff,53708
407837,Senior Engineer,47359
408019,Senior Engineer,46019
408114,Engineer,75323
408163,Senior Engineer,67566
408417,Staff,50677
408435,Staff,89802
408437,Senior Staff,59806
408447,Senior Staff,65539
408654,Senior Staff,47427
408953,Senior Engineer,40000
409112,Senior Staff,56245
409391,Engineer,40675
409712,Senior Engineer,49437
409798,Technique Leader,55643
409805,Senior Engineer,60575
409898,Senior Engineer,60860
410028,Senior Staff,40000
410372,Senior Engineer,40608
410433,Senior Engineer,49038
410592,Staff,61978
410616,Senior Engineer,40000
410703,Staff,88799
410804,Senior Engineer,49617
410881,Senior Engineer,40000
411070,Senior Engineer,41389
411082,Senior Engineer,40987
411143,Senior Staff,87814
411727,Staff,86189
411906,Engineer,51122
412315,Staff,63072
412404,Senior Engineer,75569
412757,Engineer,40000
413098,Senior Staff,45619
413205,Senior Staff,82766
413554,Engineer,65793
413666,Senior Staff,62764
413729,Technique Leader,40000
413831,Senior Staff,40444
413832,Senior Staff,40000
414027,Senior Engineer,40000
414091,Engineer,40000
414461,Senior Staff,52506
414543,Senior Engineer,68487
414551,Senior Engineer,41620
414662,Senior Engineer,52170
414714,Senior Staff,47105
414808,Senior Engineer,40000
414814,Staff,43223
414897,Senior Staff,69580
414922,Senior Engineer,59975
415187,Assistant Engineer,57432
415234,Engineer,52502
415338,Assistant Engineer,40000
415363,Senior Staff,56789
415563,Senior Engineer,51477
416074,Senior Engineer,40000
416383,Senior Engineer,57970
416420,Senior Staff,57583
416455,Engineer,44583
416492,Senior Engineer,40000
416660,Senior Engineer,40000
416720,Senior Engineer,50877
416877,Senior Staff,82181
416892,Engineer,55754
417128,Senior Engineer,40000
417435,Senior Staff,88979
418239,Senior Engineer,65620
418247,Senior Staff,58604
418298,Senior Engineer,40000
418309,Senior Engineer,47095
418380,Senior Engineer,41525
418566,Senior Engineer,62954
418606,Engineer,41390
418689,Senior Staff,61930
418717,Senior Staff,67967
418860,Senior Staff,51181
419099,Staff,96271
419388,Senior Engineer,53853
419953,Senior Staff,60803
420086,Senior Engineer,48457
420476,Senior Staff,40000
420557,Senior Staff,82355
420599,Senior Engineer,40000
420681,Technique Leader,47291
420694,Senior Staff,40000
420732,Senior Staff,59288
420759,Staff,55608
420765,Senior Staff,78825
420877,Senior Staff,48689
420921,Staff,69690
421022,Senior Staff,67327
421033,Senior Staff,87795
421039,Engineer,50978
421074,Senior Staff,72554
421312,Engineer,40000
421384,Senior Staff,40000
421755,Senior Engineer,49914
422146,Engineer,40000
422263,Staff,40000
422450,Senior Engineer,40000
422783,Engineer,40000
423038,Senior Staff,60743
423204,Senior Staff,64505
423208,Engineer,58830
423214,Senior Staff,67902
423327,Senior Staff,79684
423350,Senior Staff,45927
423516,Senior Engineer,52784
423633,Senior Engineer,51147
423993,Technique Leader,40000
424569,Engineer,67193
424584,Senior Engineer,49152
424685,Senior Staff,44053
424714,Engineer,40000
424797,Senior Staff,99526
424805,Senior Staff,81079
424845,Staff,51843
424930,Senior Staff,48452
424984,Engineer,40000
425437,Engineer,43287
425535,Senior Staff,80858
425540,Senior Staff,53256
425757,Senior Staff,65128
425780,Senior Staff,65037
425830,Engineer,63504
425875,Senior Staff,41046
426153,Senior Staff,74658
426168,Senior Staff,51634
426228,Engineer,48175
426235,Senior Staff,46445
426611,Engineer,40000
426644,Senior Engineer,66298
426683,Engineer,50855
426706,Senior Engineer,52496
426795,Senior Staff,48445
426818,Senior Staff,40000
426819,Engineer,51809
426824,Senior Staff,58680
426958,Senior Engineer,55729
427313,Senior Staff,40000
427320,Senior Engineer,53985
427332,Staff,50549
427571,Senior Engineer,55037
427659,Engineer,81017
427776,Senior Staff,83358
427805,Senior Staff,66766
427823,Staff,46107
427852,Senior Engineer,48349
428082,Senior Staff,40000
428160,Senior Staff,62732
428195,Senior Staff,63119
428219,Senior Staff,84926
428235,Senior Engineer,61797
428294,Engineer,40000
428917,Senior Engineer,40000
429040,Staff,62602
429087,Technique Leader,51383
429231,Senior Staff,85371
429238,Senior Staff,98463
429249,Senior Engineer,40000
429316,Senior Staff,40000
429381,Senior Staff,75021
429419,Senior Staff,41687
429481,Engineer,50310
429520,Engineer,64463
429532,Senior Staff,68137
429553,Technique Leader,57263
429569,Engineer,47441
429703,Senior Staff,40000
429756,Staff,72633
429899,Staff,40554
429954,Staff,77431
430054,Senior Engineer,91507
430558,Senior Engineer,40000
430593,Senior Staff,40000
430631,Engineer,55205
430891,Senior Engineer,68320
430981,Senior Staff,40000
431353,Senior Staff,56951
431576,Senior Staff,76741
431657,Senior Engineer,40000
431759,Engineer,44859
431882,Engineer,53101
431887,Senior Engineer,44157
432031,Senior Staff,60534
432034,Senior Staff,50138
432089,Senior Engineer,56890
432121,Senior Staff,40000
432257,Engineer,84748
432261,Senior Engineer,73145
432399,Senior Engineer,40000
432523,Engineer,77172
432665,Senior Engineer,42199
432787,Senior Engineer,41515
432890,Senior Engineer,56269
432956,Senior Staff,59603
433059,Staff,83650
433157,Staff,84693
433260,Engineer,40000
433438,Senior Staff,86599
433465,Senior Staff,40000
433640,Senior Staff,60932
434384,Senior Staff,46939
434845,Senior Staff,56010
434936,Senior Engineer,54397
435026,Senior Engineer,46644
435042,Staff,55687
435060,Staff,48951
435181,Senior Staff,40000
435226,Senior Staff,40178
435289,Senior Staff,78074
435305,Senior Staff,61083
435357,Engineer,54147
435370,Senior Staff,56330
435588,Senior Staff,40000
435602,Senior Staff,70591
435664,Senior Engineer,40000
435774,Senior Staff,62182
435791,Senior Engineer,41333
436558,Senior Engineer,59648
436797,Senior Staff,47748
436827,Senior Staff,42069
436915,Staff,40000
437276,Senior Staff,52997
437369,Senior Staff,44053
437395,Senior Staff,75620
437724,Staff,53468
437870,Staff,65132
438038,Senior Staff,77091
438158,Senior Engineer,63411
438264,Senior Staff,42706
438557,Engineer,40000
438723,Engineer,90322
439377,Senior Engineer,40000
439905,Senior Staff,56753
439924,Senior Staff,81991
440325,Senior Staff,70248
440435,Senior Engineer,40000
440450,Senior Staff,42474
440642,Senior Staff,96916
440870,Senior Staff,40000
440937,Senior Staff,55815
440997,Senior Staff,58036
441197,Senior Staff,56738
441536,Senior Engineer,40000
441651,Engineer,43508
441954,Engineer,42564
441965,Senior Staff,40000
442002,Senior Staff,72966
442096,Senior Engineer,52432
442312,Senior Engineer,50796
442490,Engineer,90851
442653,Engineer,64003
442700,Staff,52753
442704,Engineer,64130
442898,Engineer,40000
443108,Senior Staff,60079
443339,Staff,40000
443485,Senior Staff,54884
443632,Staff,61057
443841,Senior Staff,91933
443873,Senior Staff,60024
444070,Senior Staff,40000
444099,Senior Staff,81037
444208,Senior Staff,81161
444228,Senior Engineer,45512
444465,Senior Engineer,47281
444487,Senior Engineer,40000
444643,Staff,40000
445067,Senior Engineer,45253
445152,Senior Staff,49949
445201,Staff,42975
445226,Senior Engineer,40000
445456,Engineer,40000
445514,Technique Leader,45560
445570,Technique Leader,46882
445723,Senior Staff,55964
445941,Technique Leader,41871
445950,Senior Engineer,40000
446121,Staff,66901
446306,Senior Engineer,52162
446424,Senior Engineer,58549
446785,Engineer,40000
446897,Technique Leader,40000
446959,Senior Engineer,46058
447018,Senior Engineer,40000
447135,Senior Staff,40000
447191,Engineer,51948
447232,Senior Staff,102759
447290,Senior Engineer,40175
447376,Staff,70592
447544,Senior Staff,86434
447599,Technique Leader,40000
447613,Senior Engineer,43894
447877,Senior Engineer,40000
447931,Senior Staff,72595
447966,Senior Engineer,57165
447982,Senior Engineer,40000
447999,Senior Engineer,48626
448165,Senior Staff,62317
448769,Technique Leader,56886
448900,Staff,55122
448918,Senior Engineer,48275
448994,Staff,55952
449189,Senior Staff,52150
449815,Senior Staff,43762
449966,Staff,60157
449984,Senior Engineer,40000
450184,Senior Engineer,57687
450255,Technique Leader,40000
450309,Technique Leader,47695
450371,Senior Engineer,41751
450421,Engineer,40000
450475,Senior Staff,41804
450510,Staff,40000
450817,Senior Engineer,56583
450888,Senior Staff,55308
450934,Senior Engineer,40000
450936,Senior Staff,49451
451253,Senior Staff,66577
451272,Senior Engineer,50905
451275,Senior Staff,40000
451333,Senior Staff,40000
452137,Senior Engineer,59812
452196,Senior Staff,40000
452206,Staff,57175
452325,Senior Engineer,71879
452347,Senior Staff,56042
452365,Engineer,40000
452956,Senior Engineer,44716
452957,Staff,60350
452970,Senior Engineer,40000
452982,Senior Staff,103154
453070,Senior Staff,40000
453154,Staff,40000
453644,Senior Staff,60389
453688,Engineer,40000
453723,Senior Engineer,40996
453760,Senior Staff,40000
453790,Senior Engineer,59270
453913,Senior Staff,66997
453996,Senior Engineer,51234
454338,Engineer,40000
454378,Technique Leader,63514
454736,Engineer,45224
454791,Senior Engineer,70297
454825,Senior Engineer,55857
454994,Senior Engineer,40000
455113,Staff,40000
455175,Senior Staff,40000
455243,Senior Engineer,40126
455284,Senior Engineer,40000
455296,Engineer,40000
455364,Senior Staff,66467
455415,Senior Staff,58961
455726,Senior Staff,89978
455814,Senior Engineer,40757
455914,Senior Engineer,62820
456767,Senior Staff,81806
456824,Technique Leader,45789
456982,Senior Engineer,41631
457070,Senior Staff,40000
457146,Staff,58534
457305,Staff,71290
457337,Technique Leader,40000
457411,Senior Engineer,40000
457489,Senior Engineer,42727
457611,Engineer,40000
457653,Technique Leader,40000
457776,Senior Engineer,42709
457813,Senior Engineer,40000
457832,Senior Engineer,40000
457938,Senior Staff,56568
458111,Engineer,76812
458134,Senior Staff,40000
458191,Staff,71591
458383,Engineer,40000
458726,Senior Staff,40000
458790,Senior Engineer,40000
458919,Engineer,65011
459172,Engineer,58787
459356,Engineer,40000
459429,Senior Staff,92397
459685,Engineer,44433
459846,Staff,40000
460131,Staff,68182
460691,Senior Staff,40000
460707,Senior Engineer,40000
460920,Senior Staff,77844
461120,Senior Engineer,68304
461270,Staff,76737
461563,Senior Staff,51708
461723,Assistant Engineer,51122
461801,Senior Staff,59006
462067,Senior Staff,56407
462493,Senior Engineer,40000
462736,Staff,43051
462795,Senior Staff,47611
463023,Staff,53407
463099,Senior Staff,59911
463212,Senior Engineer,47857
463472,Technique Leader,40000
463495,Senior Staff,40000
464284,Senior Staff,85882
464303,Senior Staff,48803
464526,Staff,47159
465062,Senior Engineer,44624
465076,Senior Engineer,58601
465085,Senior Staff,40000
465409,Senior Staff,67038
465501,Senior Staff,40000
465711,Senior Engineer,54507
465853,Staff,40000
465874,Engineer,72099
466064,Senior Staff,48435
466367,Senior Staff,40000
466509,Senior Engineer,40000
466603,Senior Staff,54724
466745,Senior Staff,40000
466911,Staff,48742
467176,Senior Staff,56585
467269,Technique Leader,40000
467392,Senior Engineer,45749
467441,Senior Engineer,40000
467591,Staff,52731
467886,Senior Staff,66865
467918,Staff,40000
468360,Technique Leader,40000
468417,Senior Engineer,40000
468659,Senior Engineer,40000
468763,Senior Engineer,49874
468773,Senior Engineer,41553
469104,Senior Engineer,42499
469253,Senior Engineer,40000
469269,Senior Engineer,40000
469366,Senior Engineer,48989
469399,Engineer,51576
469527,Staff,43350
469529,Senior Engineer,40247
469735,Senior Engineer,65879
469805,Senior Staff,55537
469867,Senior Staff,49974
470456,Senior Staff,45633
470472,Senior Engineer,40000
471397,Engineer,40000
471532,Technique Leader,46522
471552,Staff,42758
471911,Engineer,40000
471939,Staff,69487
472052,Assistant Engineer,52516
472143,Senior Staff,78806
472238,Senior Engineer,52860
472440,Staff,46886
472790,Senior Engineer,55035
472950,Senior Engineer,60425
473268,Senior Staff,55564
473299,Senior Staff,83582
473490,Senior Staff,40000
473824,Staff,93536
473940,Engineer,46814
474162,Engineer,40000
474257,Staff,56841
474331,Senior Staff,40000
474372,Senior Staff,59269
474763,Engineer,61436
474796,Technique Leader,68336
474918,Engineer,40000
475087,Senior Engineer,40000
475258,Senior Staff,40000
475538,Staff,40000
475938,Senior Engineer,40000
475965,Senior Engineer,40000
476055,Senior Staff,40000
476122,Engineer,40000
476327,Senior Engineer,51519
476361,Technique Leader,42446
476488,Technique Leader,50260
477350,Staff,47167
477352,Engineer,40000
477578,Senior Engineer,83068
477969,Senior Engineer,40000
478007,Senior Engineer,47559
478170,Engineer,40000
478218,Engineer,65244
478439,Technique Leader,47250
478768,Senior Engineer,67237
478799,Senior Staff,40297
478833,Senior Engineer,83315
478858,Staff,40000
479024,Engineer,60882
479407,Senior Engineer,46866
479601,Staff,65786
479695,Senior Staff,40176
480035,Senior Staff,40000
480066,Senior Engineer,40000
480178,Senior Staff,55930
480268,Technique Leader,44209
480407,Senior Engineer,40000
480571,Engineer,53706
481050,Senior Staff,50385
481148,Engineer,51644
481213,Senior Staff,73617
481397,Assistant Engineer,40000
481399,Staff,40000
481467,Staff,65003
481764,Senior Engineer,60322
481790,Senior Engineer,50133
481807,Senior Engineer,44874
482278,Senior Engineer,40000
482335,Engineer,56445
482354,Staff,40000
482755,Senior Staff,77972
482756,Senior Staff,90084
482885,Senior Engineer,49347
482905,Senior Staff,65709
482944,Senior Staff,96529
483213,Technique Leader,41881
483401,Senior Staff,50685
483675,Senior Engineer,40000
483825,Senior Engineer,52817
483838,Assistant Engineer,40000
483978,Senior Staff,100425
484126,Senior Staff,48754
484142,Senior Staff,40000
484498,Senior Engineer,66106
484756,Senior Engineer,40000
485253,Senior Staff,53582
485489,Senior Engineer,55395
485577,Senior Engineer,40000
485579,Senior Engineer,44117
485799,Senior Staff,40000
485817,Engineer,51242
486068,Senior Staff,54089
486808,Senior Engineer,40000
486918,Senior Staff,51627
486955,Engineer,44971
486956,Engineer,63351
486958,Senior Engineer,45160
487008,Senior Staff,73387
487505,Senior Staff,57439
487856,Engineer,41527
487988,Senior Staff,40000
488095,Senior Staff,40000
488115,Assistant Engineer,40000
488142,Senior Staff,40612
488414,Engineer,40000
488482,Engineer,44477
488540,Senior Staff,88346
488619,Engineer,58714
488632,Staff,54565
488693,Senior Engineer,40000
488707,Senior Staff,61980
488752,Senior Staff,44935
488788,Senior Staff,55528
488984,Senior Staff,68524
489465,Engineer,40000
489755,Senior Staff,50263
489756,Senior Staff,74625
489928,Assistant Engineer,43680
490240,Staff,65404
490551,Engineer,52602
490557,Senior Engineer,45888
490568,Senior Engineer,58375
490720,Senior Engineer,57642
491079,Senior Engineer,47638
491162,Senior Engineer,55743
491478,Senior Staff,50787
491494,Staff,66990
491596,Senior Engineer,40000
491632,Senior Staff,75387
492000,Senior Staff,40000
492052,Staff,53754
492217,Senior Engineer,43116
492639,Engineer,63732
492677,Senior Engineer,57772
493031,Senior Staff,58953
493048,Senior Staff,87744
493096,Engineer,54424
493278,Engineer,40000
493744,Senior Engineer,40000
494019,Senior Staff,65241
494088,Senior Engineer,53267
494493,Staff,96959
494978,Staff,50846
494995,Senior Staff,61003
495969,Senior Engineer,40000
496100,Staff,40197
496970,Senior Engineer,58910
496978,Senior Staff,74289
497007,Senior Engineer,42380
497174,Senior Engineer,45255
497340,Senior Staff,62550
497391,Engineer,74583
497409,Engineer,40000
497660,Senior Engineer,50669
497835,Technique Leader,40000
498185,Senior Engineer,40000
498337,Staff,65293
498456,Senior Staff,40000
498635,Senior Staff,43577
498838,Senior Staff,40000
498845,Senior Engineer,40000
498955,Senior Engineer,52314
499160,Staff,40000
499194,Senior Staff,61589
499260,Engineer,40000
499495,Engineer,40000
